{
    "BLEU": 0.01074147905460479,
    "ROUGE-L": 0.05457893778092851,
    "BERTScore_Precision": 0.7713925350043509,
    "BERTScore_Recall": 0.8510085330517204,
    "BERTScore_F1": 0.808953348685194,
    "METEOR": 0.1465718131636314
}