{
    "BLEU": 0.01260501214190807,
    "ROUGE-L": 0.06548925217043668,
    "BERTScore_Precision": 0.774366499097259,
    "BERTScore_Recall": 0.8530100724763341,
    "BERTScore_F1": 0.811460331082344,
    "METEOR": 0.17182187833098428
}