{
    "BLEU": 0.10593048463700695,
    "ROUGE-L": 0.3698028899753658,
    "BERTScore_Precision": 0.8631920276416672,
    "BERTScore_Recall": 0.8954512678362705,
    "BERTScore_F1": 0.8783704392887928,
    "METEOR": 0.4280732955617282
}