{
    "BLEU": 0.057072619071023685,
    "ROUGE-L": 0.3034802062624209,
    "BERTScore_Precision": 0.8477739015663112,
    "BERTScore_Recall": 0.9021293206347359,
    "BERTScore_F1": 0.8733163128296534,
    "METEOR": 0.42361906276764455
}