{
    "BLEU": 0.06779348184230863,
    "ROUGE-L": 0.26980428750185526,
    "BERTScore_Precision": 0.8199600734644465,
    "BERTScore_Recall": 0.8961830313007036,
    "BERTScore_F1": 0.8557280023340825,
    "METEOR": 0.41481002456419924
}