{
    "BLEU": 0.08396824168950381,
    "ROUGE-L": 0.32605144300231825,
    "BERTScore_Precision": 0.8384879504640897,
    "BERTScore_Recall": 0.9006727053611366,
    "BERTScore_F1": 0.8676083808143934,
    "METEOR": 0.4517506556069654
}