{
    "BLEU": 0.05566587638004717,
    "ROUGE-L": 0.2865905188560893,
    "BERTScore_Precision": 0.8440598547458649,
    "BERTScore_Recall": 0.8992121837757252,
    "BERTScore_F1": 0.8701603553361363,
    "METEOR": 0.43143243792113944
}