{
    "BLEU": 0.06915866423693999,
    "ROUGE-L": 0.29809661588061526,
    "BERTScore_Precision": 0.8502816356442593,
    "BERTScore_Recall": 0.8922691287265884,
    "BERTScore_F1": 0.870031885250851,
    "METEOR": 0.41208707051736687
}