{
    "BLEU": 0.09986974978001283,
    "ROUGE-L": 0.395553800768557,
    "BERTScore_Precision": 0.8658801844274556,
    "BERTScore_Recall": 0.9121069320374064,
    "BERTScore_F1": 0.8875212793548902,
    "METEOR": 0.5045341722885299
}