{
    "BLEU": 0.10643591393532933,
    "ROUGE-L": 0.41201828729541046,
    "BERTScore_Precision": 0.8619392784657302,
    "BERTScore_Recall": 0.9076048563475962,
    "BERTScore_F1": 0.8832667870102106,
    "METEOR": 0.4935302917839677
}