{
    "BLEU": 0.07739472326546717,
    "ROUGE-L": 0.3798688194422228,
    "BERTScore_Precision": 0.849943304779353,
    "BERTScore_Recall": 0.9043071954338638,
    "BERTScore_F1": 0.8752558587325944,
    "METEOR": 0.4679681339604915
}