{
    "BLEU": 0.19277200771624636,
    "ROUGE-L": 0.2694933626624585,
    "BERTScore_Precision": 0.8423263907984451,
    "BERTScore_Recall": 0.8481055718881113,
    "BERTScore_F1": 0.8440324699989071,
    "METEOR": 0.2046378916723479
}