{
    "BLEU": 0.1061789626735624,
    "ROUGE-L": 0.409556986163626,
    "BERTScore_Precision": 0.8638870528450718,
    "BERTScore_Recall": 0.9134928244683478,
    "BERTScore_F1": 0.887057150679606,
    "METEOR": 0.509349763038795
}