{
    "BLEU": 0.026900469828122147,
    "ROUGE-L": 0.2064131141299459,
    "BERTScore_Precision": 0.8293635897614338,
    "BERTScore_Recall": 0.8752692303171864,
    "BERTScore_F1": 0.851072746846411,
    "METEOR": 0.3111864691415522
}