{
    "BLEU": 0.009685949266489314,
    "ROUGE-L": 0.05635987613988616,
    "BERTScore_Precision": 0.7705426519667661,
    "BERTScore_Recall": 0.8418993524931095,
    "BERTScore_F1": 0.8042589183206912,
    "METEOR": 0.15022784932090597
}