{
    "BLEU": 0.009989637523002127,
    "ROUGE-L": 0.06253418879336747,
    "BERTScore_Precision": 0.7739795479509566,
    "BERTScore_Recall": 0.8482012078166008,
    "BERTScore_F1": 0.8090202576584287,
    "METEOR": 0.16305471957958814
}