{
    "BLEU": 0.07001897661497203,
    "ROUGE-L": 0.28466951786774886,
    "BERTScore_Precision": 0.8585101103893032,
    "BERTScore_Recall": 0.8790221882087214,
    "BERTScore_F1": 0.8680405641595522,
    "METEOR": 0.36243072572914165
}