{
    "BLEU": 0.044827053920345764,
    "ROUGE-L": 0.27656969831781986,
    "BERTScore_Precision": 0.8458607188529439,
    "BERTScore_Recall": 0.8855911275302922,
    "BERTScore_F1": 0.8646836642313886,
    "METEOR": 0.3899347184348858
}