{
    "BLEU": 0.12234479700989531,
    "ROUGE-L": 0.33664221733770494,
    "BERTScore_Precision": 0.8420176194221886,
    "BERTScore_Recall": 0.9054746903755047,
    "BERTScore_F1": 0.8719567673073875,
    "METEOR": 0.4884841548830038
}