{
    "BLEU": 0.13493791059380258,
    "ROUGE-L": 0.4147147361145892,
    "BERTScore_Precision": 0.8639357978547061,
    "BERTScore_Recall": 0.9131918723384539,
    "BERTScore_F1": 0.8870609242607046,
    "METEOR": 0.5282152610771198
}