{
    "BLEU": 0.009647744056751213,
    "ROUGE-L": 0.30000515281025414,
    "BERTScore_Precision": 0.854811678606051,
    "BERTScore_Recall": 0.8907561128338178,
    "BERTScore_F1": 0.8716817084285948,
    "METEOR": 0.3928327611980646
}