{
    "BLEU": 0.06203415935654979,
    "ROUGE-L": 0.30882889518605877,
    "BERTScore_Precision": 0.8580494771401087,
    "BERTScore_Recall": 0.8876083758142259,
    "BERTScore_F1": 0.8719001431707982,
    "METEOR": 0.4103280853658445
}