{
    "BLEU": 0.04480525516720623,
    "ROUGE-L": 0.31791491313114295,
    "BERTScore_Precision": 0.8422206728546707,
    "BERTScore_Recall": 0.8921742251625767,
    "BERTScore_F1": 0.865651230569239,
    "METEOR": 0.4086031769922454
}