{
    "BLEU": 0.057250738452168826,
    "ROUGE-L": 0.34122298131518364,
    "BERTScore_Precision": 0.8612203153747099,
    "BERTScore_Recall": 0.8950947481724951,
    "BERTScore_F1": 0.8771679768407786,
    "METEOR": 0.43963517033080857
}