{
    "BLEU": 0.055401287282982,
    "ROUGE-L": 0.34451256859701873,
    "BERTScore_Precision": 0.850903684342349,
    "BERTScore_Recall": 0.8924354742522593,
    "BERTScore_F1": 0.8702389266755846,
    "METEOR": 0.42595983926917097
}