{
    "BLEU": 0.06538669625478506,
    "ROUGE-L": 0.33989851222155454,
    "BERTScore_Precision": 0.8554939991898007,
    "BERTScore_Recall": 0.8942759213624177,
    "BERTScore_F1": 0.8735965642112272,
    "METEOR": 0.4358047086802603
}