{
    "BLEU": 0.25991806796320616,
    "ROUGE-L": 0.33475333613415714,
    "BERTScore_Precision": 0.8565112286143832,
    "BERTScore_Recall": 0.8607510606999751,
    "BERTScore_F1": 0.8576504635038199,
    "METEOR": 0.287099280440629
}