{
    "BLEU": 0.025465747624877792,
    "ROUGE-L": 0.19533928400648687,
    "BERTScore_Precision": 0.8253854722888382,
    "BERTScore_Recall": 0.8688979882884909,
    "BERTScore_F1": 0.8459656382048572,
    "METEOR": 0.3121366853420483
}